 Email,Password,Username,Full Name,Phone Number,Cantidad Comida,Numero persona,Dirección de entrega,Celiaco,Vegano,Vegetariano,Intolerante lactosa,Food Trucks,Created,Updated
aitorezabal@gmail.com,$2b$10$Jv6c0/DL6I/bBErkO5bF7O3dEdcQFmA.J319QKr2WQmq2ihN/sOpi,,Aitor,,No tengo casi nada... ,3,Juan de Ajuriaguerra 29,,,,,,2022-09-23T14:12:36.043Z,2022-09-23T14:15:14.461Z
antonioalvarezalf@gmail.com,$2b$10$cByCPVKVla7MbK4AHd90c.3Enz7aZ84Z3L7Y5InEws3ok4Dence9q,,Antonio,,¡Bastante! ,2,Calle Lopez de Hoyos 140 7b ,,,,,,2022-09-23T10:34:26.986Z,2022-09-23T10:36:10.658Z
prueba@prueba.com,$2b$10$KaN3yYQeYSjfA9PyJck55.qMO0osVi1607HwLpKl.JOQv3aCqHeBC,,xxxxxx,,Dentro de poco toca...,2,xxxxx,,,,,,2022-09-22T14:04:06.990Z,2022-09-22T14:06:06.250Z
notion.iotas0w@icloud.com,$2b$10$ZKX8AjH/oVu2KGo.G/XgJeHGHEX07B9kmpU5a9Trpt9qsO4PcQcCi,,Juan Pablo,,¡Bastante! ,1,A,,,,,,2022-09-08T18:43:00.143Z,2022-09-08T18:44:32.963Z
henryyjunior@gmail.com,$2b$10$NYSuhIbQqP5Vzi.3L6AkHOS4LT80meTf2/WyyMXCpDf1Z8ukPxviy,,hh,,Dentro de poco toca...,1,avenida europa ,,,,,,2022-08-24T16:09:05.570Z,2022-08-24T16:11:21.407Z
omarzalazarv@gmail.com,$2b$10$ebLGBec6LzCafe6vFCxd6.Unez0xS/79gThh4VAUZZCWtulOGwt1W,,omar ,,No tengo casi nada... ,2,calle malpica 11,,,,,,2022-08-24T10:29:33.858Z,2022-08-24T10:30:24.206Z
yija@gmail.com,$2b$10$2QN3WhJa1AvfARNjeld09OyTci9/l2RMd3y7iit2aHuNd7gxJpqwu,,Íñigo ,,¡Bastante! ,2,el botín ,,,,,,2022-08-21T02:15:01.665Z,2022-08-21T02:18:09.615Z
hhhhh@dddddd.com,$2b$10$pSb1ivngWONE.TeaDYSQcOwXOALlW1B2uD9TGLAkgUhpgFy/zCxn6,,Alma,,No tengo casi nada... ,2,477 330,,,,,,2022-07-12T12:11:53.461Z,2022-07-12T12:13:56.441Z
sergio@keycode.es,$2b$10$4mwd8h6Nx3zhF9d76xDs9.gyMVurQvspKRUAXhxWY0T0TLOxnA9Jy,,Sergio,,Dentro de poco toca...,2,Madrid,,,,,,2022-05-17T07:15:02.801Z,2022-05-17T07:16:45.400Z
bergarecheluis@yahoo.com,$2b$10$VoabzhMQgu3dMTnJUYbiLelc43CasZhi44CL4rMkH3bhPcphkTL.S,,Luis,,Dentro de poco toca...,5,"Calle Caracas 9, 4D, 28010 Madrid",,,,,,2022-05-13T08:40:32.804Z,2022-05-13T08:43:20.096Z
itejadavazquez@gmail.com,$2b$10$DA5zZRnSL/bmFrfQRJGBo.xkcO5yv2VhEogkz7XdY0FV3vGnQVrjy,,IEPA,,¡Bastante! ,1,mirakontxa,,,,,,2022-05-03T11:03:23.467Z,2022-08-10T15:11:10.940Z
imanolpereza@gmail.com,$2b$10$W9op46vYitQQkmDxm11aee.D6ig24TB1WlwInihl7J84leQeda28K,,Imanol Pereza,,¡Bastante! ,1,perezalandia,,,,,,2022-04-26T07:45:07.847Z,2022-04-26T07:45:42.045Z
pacodelucia@gmail.com,$2b$10$GQmSBSn4smXYggEQwNjsGum4cpiR9jkNEjfmI4tiKO28897P/Qucu,,Tibio Caesar,,¡Bastante! ,1,Coliseo romano ,,,,,,2022-04-21T13:07:32.225Z,2022-04-21T13:08:08.217Z
hola@hola.com,$2b$10$4WrEeRH96Vj8ah8wlyYC/OurQgL3T31G4.T83TbOJ7/LTR8i1hDXS,,Pedro Sánchez,,Dentro de poco toca...,3,Moncloa,,,,,,2022-04-11T08:50:52.349Z,2022-04-11T08:51:36.092Z
andrea_froiz_rodriguez@carrefour.com,$2b$10$GNdqlK4PnYfhrf92P8POY.x9Fg0JFy5P3b.yhNp7EqDICuRJs.M6.,,Andrea,,¡Bastante! ,2,calle marqués de viana ,,,,,,2022-01-27T08:22:09.243Z,2022-01-27T08:24:18.881Z
xczxczx@gamil.er,$2b$10$GEcbRKUHfEcLrzQIaMdzw.zm.qP1lo0oPaCFIyO11Le6uWfkieYbW,,GGd,,Dentro de poco toca...,2,zxcxzxc,,,,,,2022-01-25T12:06:28.452Z,2022-01-25T12:07:35.116Z
natachamarcon@yahoo.fr,$2b$10$R.A0PDm9cIODOdhUeeObyev9kjtd.jCvHE9oIkLTwYzKN0EybVmQu,,Natacha,,No tengo casi nada... ,1,Marina Kalea 9 - 20007 DONOSTIA,,,,,,2021-12-06T15:58:15.672Z,2022-04-11T16:19:02.611Z
prueba@gmail.com,$2b$10$ssmvq0k3s0Gv6Z8b11fWeuhX1RrjpDaeWHaLQQlZtcfKAWlb4SGAi,,Nombre prueba,,¡Bastante! ,1,mi casa,,,,,,2021-12-03T11:31:43.346Z,2021-12-03T11:33:54.560Z
hola@gmail.com,$2b$10$bSbYb2QfKG3nCPhGtI7Ku.zF79B1qgyXf4M99.nEtG0WnwXEMzbYS,,JuanRamonRallo,,¡Bastante! ,1,mi casa,,,,,,2021-12-03T10:58:50.590Z,2021-12-03T11:02:05.492Z
benat.barros@alumni.mondragon.edu,$2b$10$8ckACL8dpXAeBlznf7UzKu8B4lmASH/wsfEaJcAd63gNCpaEj6fDe,,Beñat,Irun ,Dentro de poco toca...,2,,,,,,,2021-11-25T12:42:07.200Z,2021-11-29T17:33:03.086Z
eneko.merino@alumni.mondragon.edu,$2b$10$eSSp3vFwJ1G7NKR2DDSptefTKMcUzWqbq52Bu0xhxs9XCmlHu6GJa,,Eneko Merino,Ordizia,¡Bastante! ,3,,,,,,,2021-11-25T12:41:49.711Z,2021-11-25T12:44:56.885Z
aitor.soroad@alumni.mondragon.edu,$2b$10$KtR3/UZ1nQ8ZBIvs6ICOz.tjiRS5A.7Y9RoyNbY31wOOdJUAYgAb6,,Aitor,Donostia,Dentro de poco toca...,2,,,,,,,2021-11-25T12:41:42.890Z,2021-11-29T17:32:21.504Z
uxue.escribano@alumni.mondragon.edu,$2b$10$Hh4rQGPkM7Sjt0/G3fORM.kY6yCvlzjacm2Eas8iV7Fqe.H0QFY3y,,uxue,oiartzun,¡Bastante! ,3,,,,,,,2021-11-25T12:41:42.471Z,2021-11-25T12:44:01.229Z
hartlucas0503@gmail.com,$2b$10$bV9.8Mo2cvBnCC10mskz6ecVzpmIJgvEhiSbO4Yt1GF1jsALqoFwG,,Lucas Hart,Pamplona,Dentro de poco toca...,4,,,,,,,2021-11-25T12:41:03.464Z,2021-11-29T17:32:34.513Z
itsasoboli@gmail.com,$2b$10$2JCdW.DxsQia7QpdpR3Mne8iXFyHI7gknd6IIGkiHoMCy9qMcgjtm,,itsaso,ordizia,¡Bastante! ,3,,,,,,,2021-11-25T12:40:54.026Z,2021-11-25T12:44:04.998Z
claudia.lerga@alumni.mondragon.edu,$2b$10$wS9lEKeNVMjETlgC1Q86S.KBE4TcOi.kR5/uv1jq0Luu0ZQU5Ai4q,,claudia ,pamplona,¡Bastante! ,2,,,,,,,2021-11-25T12:40:51.969Z,2021-11-25T12:43:56.317Z
ander.elizalde@alumni.mondragon.edu,$2b$10$uitJQgn17dqNUW1v6TQ/4e7QJ7l/ilm2P6l2NCY52h/rbUsVf1VUq,,Ander,Hondarribia,¡Bastante! ,1,,,,,,,2021-11-25T12:40:47.984Z,2021-11-25T12:43:54.238Z
nahia.urangaa@alumni.mondragon.edu,$2b$10$6XydHjONdCRj/Q5eNpuX1eJNxMX.JnJObyQ3IQG62sbW4Odys50aC,,Nahia,Orio,Dentro de poco toca...,1,,,,,,,2021-11-25T12:40:38.957Z,2021-11-25T12:43:26.691Z
lucia.gorostidi@alumni.mondragon.edu,$2b$10$ryNhkHxdPYeZcU8XGKhWauiswTm8jjeY2t5eKl2a2nLRECDtgas2S,,lucia,donosti,¡Bastante! ,2,,,,,,,2021-11-25T11:06:38.432Z,2021-11-25T11:10:05.640Z
beatriz.mazo@alumni.mondragon.edu,$2b$10$7FT/EN1wkLgGQF6jGeahYuativzvTbi8SpZ/Xzi1DqGyTV6Muj0K.,,Bea,Hendaya,Dentro de poco toca...,4,,,,,,,2021-11-25T11:06:32.938Z,2021-11-25T11:09:44.114Z
jfjdhsh@gmail.com,$2b$10$EabbTRvWntXxxmLGUpYNw.1EyPlO.JriMZXHQLvmAWq808Njj7Otu,,mike,donosti,¡Bastante! ,4,,,,,,,2021-11-25T11:06:30.467Z,2021-11-25T11:09:19.223Z
sara.astier@alumni.mondragon.edu,$2b$10$kHtUxzgKr.KLWEsuGfGpnOiOsaasDGpchBQEn67FGSLweoEzCHksi,,Sara,San Sebastian,Dentro de poco toca...,4,,,,,,,2021-11-25T11:06:24.569Z,2021-11-25T11:09:48.491Z
alumni.mondragon@erik.sarriegui.es,$2b$10$2w4wTBRDi1QJfOxdF.yu4uXX0tEnhg0HxzrNtDyhbSwiqW.KM/RrW,,DonErik,Donostia,¡Bastante! ,2,,,,,,,2021-11-25T11:06:17.575Z,2021-11-25T11:08:50.683Z
paula.sevillano@alumni.mondragon.edu,$2b$10$VVq6n.MsnPyy84Pn0girkO0P.hadLwFtrVT63Dw6O9CpPxj5O1ETS,,paula ,Donosti ,Dentro de poco toca...,5,,,,,,,2021-11-25T11:06:05.879Z,2021-11-25T11:09:04.961Z
jukatal@gmail.com,$2b$10$7e1EqGHSSjdfCmirlG6TuOq4c4m0wXB8DFnS768dkccSGbMYyHQu.,,martxi,irun,¡Bastante! ,1,,,,,,,2021-11-25T11:06:04.534Z,2021-11-25T11:09:15.354Z
paula.ansa@alumni.mondragon.edu,$2b$10$4MpGMC3D26WTgz.YP.zEZuHPyiJhB6d9k4E.c0aLuEsTPu8G68YQq,,paula,errenteria,Dentro de poco toca...,1,,,,,,,2021-11-25T11:05:58.368Z,2021-11-25T11:08:21.656Z
rosa.atorra02@gmail.com,$2b$10$XTGtISZxsU8Q5bI1zz22WeLGKqmjKLG8y4QctG0Vfi72iPKdtXRwq,,rosa,orio,¡Bastante! ,1,,,,,,,2021-11-25T11:05:40.090Z,2021-11-25T11:09:31.153Z
imanol.sarasola@alumni.mondragon.edu,$2b$10$gfcR4R4II7GqKBIYsjH5FeG4cANUw7ogfmYB88OPEUS56/fUZuVum,,imanol,donostia,¡Bastante! ,2,,,,,,,2021-11-25T11:05:38.634Z,2021-11-25T11:09:14.725Z
odei.lete@alumni.mondragon.edu,$2b$10$bKvYnUIFJ2JieMN7tXtmE.LSxNIxoFMdq9qzKPjujO7B5dWRFTwe.,,Odei,Irun,Dentro de poco toca...,2,,,,,,,2021-11-25T11:05:38.542Z,2021-11-25T11:08:55.564Z
alberto.camarero@alumni.mondragon.edu,$2b$10$wI99BvcP7wIZNshGvcuneumjPO4t7l/eJQmdZ1aOhFkAPLpflTFgO,,Alberto,Irún,Dentro de poco toca...,4,,,,,,,2021-11-25T10:04:59.955Z,2021-11-29T17:32:40.544Z
bdin@jdj.com,$2b$10$3NtuMXFDP1st5CtToB/7uOOY2Dv2UCos3CKG1Le1uiE7mIgJvDV0W,,jose,irun,No tengo casi nada... ,2,,,,,,,2021-11-25T10:04:15.665Z,2021-11-25T10:09:18.143Z
valverdepaula18@gmail.com,$2b$10$ClE6Hw.MzDz5ZYC8socBaO00RGK0XcuTkCfaVP440vIbQAlYjl3cG,,Paula,burgos ,No tengo casi nada... ,2,,,,,,,2021-11-25T10:04:01.187Z,2021-11-25T10:06:07.496Z
sara.martinezz@alumni.mondragon.edu,$2b$10$xZURNqaHwSRuEdI2hTfISePe53EwjVeCVSm0p0BV2JPwXyXp34RSm,,Sara,Irun,No tengo casi nada... ,2,,,,,,,2021-11-25T10:03:37.384Z,2021-11-25T10:05:38.497Z
aiora.iturmendi@gmail.com,$2b$10$iz3pRx87LfpMLUJZ7EOdA.7HjhD0QyehIYMLo.lN/C5BQHvza0aOy,,Aiora,Ordizia,Dentro de poco toca...,1,,,,,,,2021-11-25T10:03:23.787Z,2021-11-25T10:06:24.391Z
naia.unanue.01@zumaiabhi.eus,$2b$10$Uus7K1QERaMrxyWJUXUGT.cJLSpAUecJtweazVH5iyEvXqkYCqIh2,,Naia,Zumaia,¡Bastante! ,2,,,,,,,2021-11-25T10:02:57.603Z,2021-11-25T10:05:00.189Z
laura.olabarria@alumni.mondragon.edu,$2b$10$hpKOxB4o3/m7rH0g3U2JK.PmtKyU3rzYUxkJGe2I./jna5XzDz/Pm,,laura,zarautz,Dentro de poco toca...,1,,,,,,,2021-11-25T10:02:55.349Z,2021-11-25T10:07:59.871Z
mirari.arribas19@gmail.com,$2b$10$V8AzrUYa0iHpl/Nt2wsrZutDKXayh9NtZh5No6U/Gl.fMh67f3tP2,,mirari,irun,Dentro de poco toca...,3,,,,,,,2021-11-25T10:02:54.681Z,2021-11-25T10:04:47.451Z
aioragoros@hotmail.es,$2b$10$jCgUMTqfApRM76IiTQ4aFukjQKboXpIhTAgFonm1K9u/s9iRxkcWa,,aiora,itsasondo,Dentro de poco toca...,4,,,,,,,2021-11-25T10:02:50.337Z,2021-11-25T10:05:06.677Z
marenurresti0@gmail.com,$2b$10$9xwIkGMpl4xmkFL5nmtQaeJFrCHyRuuRCgQbPLLpjhIb5lKVAszXm,,Maren ,Ondarroa,Dentro de poco toca...,1,,,,,,,2021-11-25T10:02:48.706Z,2021-11-25T10:04:39.083Z
ane.engelhardt@alumni.mondragon.edu,$2b$10$yRNlcoSF39AEv4j78Rq/C.Rwc/qCLbez.9RJqwpS5WK8N5NshofUG,,ane,orio,Dentro de poco toca...,1,,,,,,,2021-11-25T10:02:44.994Z,2021-11-25T10:03:17.765Z
javier.moleon@alumni.mondragon.edu,$2b$10$tBpZkIAR3bV5u/dKpyMszO4BjvcmNHTqwabVbVwbjzVsovQgDmeKG,,Javier,Irun,Dentro de poco toca...,3,,,,,,,2021-11-25T10:02:09.768Z,2021-11-25T10:04:04.364Z
jon.azconobieta@alumni.mondragon.edu,$2b$10$41rZi7yCIPzCcn03cHe5WOSz.mikiB3w7EIL/r5blVMUcW0RZ.G0C,,jon,Donosti,¡Bastante! ,4,,,,,,,2021-11-25T10:01:54.153Z,2021-11-25T10:04:49.395Z
